customerId:int,name
1,佐藤太郎
2,鈴木花子
3,高橋健一
4,田中美咲
5,伊藤大輔
6,渡辺彩香
7,山本翔太
8,中村優子
9,小林直樹
10,加藤美穂
11,吉田和也
12,山田真由美
13,佐々木亮
14,山口恵美
15,斎藤誠
16,松本理沙
17,井上剛
18,木村美咲
19,林健太
20,清水彩乃
21,山崎拓也
22,池田美香
23,阿部直人
24,森田真理
25,橋本悠斗
26,石川美穂
27,中島健
28,前田美咲
29,藤田翔
30,小川優子
31,後藤大輔
32,岡田彩香
33,村上健一
34,遠藤美穂
35,青木翔太
36,坂本真由美
37,福田亮
38,西村恵美
39,三浦誠
40,藤井理沙
41,岡本剛
42,松田美咲
43,中野健太
44,原田彩乃
45,小野拓也
46,田村美香
47,竹内直人
48,金子真理
49,和田悠斗
50,石井美穂
51,中川健
52,上田美咲
53,森翔
54,原美穂
55,柴田翔太
56,酒井真由美
57,工藤亮
58,横山恵美
59,宮崎誠
60,宮本理沙
61,内田剛
62,高木美咲
63,安藤健太
64,島田彩乃
65,大野拓也
66,谷口美香
67,丸山直人
68,今井真理
69,河野悠斗
70,藤本美穂
71,武田健
72,村田美咲
73,永井翔
74,菅原優子
75,久保大輔
76,増田彩香
77,松井健一
78,平野美穂
79,桜井翔太
80,片山真由美
81,杉山亮
82,大西恵美
83,小島誠
84,松浦理沙
85,本田剛
86,岡本美咲
87,松下健太
88,栗原彩乃
89,中西拓也
90,大塚美香
91,小松直人
92,吉岡真理
93,浜田悠斗
94,石田美穂
95,上野健
96,川口美咲
97,菊地翔
98,松原優子
99,野口大輔
100,田辺彩香
